count,min,max,mean,sum
1,4400,4400,4400.0,4400
2,6000,13000,9500.0,19000
6,2500,11000,4150.0,24900
1,6500,6500,6500.0,6500
23,2100,8200,3721.7391304347825,85600
5,4200,9000,5760.0,28800
1,10000,10000,10000.0,10000
3,17000,24000,19333.333333333332,58000
6,6900,12008,8601.333333333334,51608
2,8300,12008,10154.0,20308
